{
  "export_timestamp": "2025-10-07T06:48:42.956725",
  "vet_qualification": {
    "code": "BSB50120",
    "name": "Diploma of Business",
    "level": "Diploma",
    "units": [
      {
        "code": "BSBCRT511",
        "name": "Develop critical thinking in others",
        "skill_count": 15,
        "skills": [
          "active listening questioning",
          "creative thinking development",
          "critical thinking facilitation",
          "feedback provision",
          "inclusive stakeholder collaboration",
          "learning environment design",
          "learning needs analysis",
          "learning outcomes monitoring",
          "legal compliance awareness",
          "persuasive oral communication",
          "recommendation development",
          "strategic written communication",
          "systems planning implementation",
          "team coaching",
          "textual research analysis"
        ]
      },
      {
        "code": "BSBFIN501",
        "name": "Manage budgets and financial plans",
        "skill_count": 15,
        "skills": [
          "budget negotiation",
          "budget planning",
          "compliance management",
          "contingency planning",
          "cost control",
          "financial decision making",
          "financial monitoring",
          "financial reporting",
          "numeracy analysis",
          "process improvement",
          "record keeping",
          "stakeholder communication",
          "strategic budgeting",
          "team support",
          "variance analysis"
        ]
      },
      {
        "code": "BSBFIN502",
        "name": "Manage financial compliance",
        "skill_count": 15,
        "skills": [
          "change implementation",
          "compliance monitoring",
          "compliance strategy development",
          "digital information synthesis",
          "document preparation",
          "financial data analysis",
          "formal analytical thinking",
          "indicator development",
          "oral presentation delivery",
          "performance evaluation",
          "policy integration",
          "regulatory compliance analysis",
          "risk analysis",
          "risk mitigation planning",
          "stakeholder communication"
        ]
      },
      {
        "code": "BSBFIN601",
        "name": "Manage organisational finances",
        "skill_count": 15,
        "skills": [
          "audit trail analysis",
          "budget development",
          "compliance monitoring",
          "digital data integration",
          "financial data analysis",
          "financial decision facilitation",
          "financial process improvement",
          "financial reporting preparation",
          "financial software evaluation",
          "legislative financial interpretation",
          "profit‑loss review",
          "risk assessment planning",
          "stakeholder financial communication",
          "strategic cash‑flow forecasting",
          "team budget briefing"
        ]
      },
      {
        "code": "BSBHRM525",
        "name": "Manage recruitment and onboarding",
        "skill_count": 12,
        "skills": [
          "contract documentation drafting",
          "feedback collection facilitation",
          "job offer preparation",
          "legislative compliance assessment",
          "onboarding procedure implementation",
          "policy communication training",
          "probationary performance monitoring",
          "recruitment policy development",
          "selection process coordination",
          "stakeholder requirement analysis",
          "technology solution evaluation",
          "training needs identification"
        ]
      },
      {
        "code": "BSBHRM526",
        "name": "Manage payroll",
        "skill_count": 15,
        "skills": [
          "confidential payroll handling",
          "deadline driven planning",
          "deduction computation",
          "employee tax filing",
          "financial risk identification",
          "gross pay calculation",
          "group tax calculation",
          "numerical payroll analysis",
          "payroll compliance monitoring",
          "payroll data verification",
          "payroll documentation preparation",
          "payroll enquiry resolution",
          "payroll policy interpretation",
          "salary reconciliation",
          "secure information management"
        ]
      },
      {
        "code": "BSBHRM529",
        "name": "Coordinate separation and termination processes",
        "skill_count": 15,
        "skills": [
          "cross‑functional teamwork",
          "exit data depersonalisation",
          "exit interview facilitation",
          "feedback gathering techniques",
          "legislative compliance analysis",
          "outplacement assistance delivery",
          "policy communication delivery",
          "policy development coordination",
          "problem‑solving implementation",
          "process improvement recommendation",
          "redundancy planning coordination",
          "stakeholder consultation facilitation",
          "training needs identification",
          "trend analysis reporting",
          "workforce data analysis"
        ]
      },
      {
        "code": "BSBINS512",
        "name": "Monitor business records systems",
        "skill_count": 15,
        "skills": [
          "business requirements identification",
          "cost structure selection",
          "implementation communication",
          "implementation planning",
          "issue identification",
          "metadata standard development",
          "performance indicator development",
          "policy development contribution",
          "procedure authorisation",
          "recommendation formulation",
          "records system monitoring",
          "report preparation",
          "reporting requirements analysis",
          "security requirements analysis",
          "system specification design"
        ]
      },
      {
        "code": "BSBMKG541",
        "name": "Identify and evaluate marketing opportunities",
        "skill_count": 15,
        "skills": [
          "competitor analysis",
          "financial numeracy",
          "innovative opportunity development",
          "market data analysis",
          "new market identification",
          "operational change planning",
          "oral presentation delivery",
          "organisational fit analysis",
          "resource requirement identification",
          "return on investment calculation",
          "stakeholder feedback gathering",
          "strategic decision making",
          "viability assessment",
          "viability communication",
          "written documentation development"
        ]
      },
      {
        "code": "BSBMKG546",
        "name": "Develop social media engagement plans",
        "skill_count": 12,
        "skills": [
          "audience research analysis",
          "automated engagement implementation",
          "brand integrity management",
          "community engagement facilitation",
          "content planning scheduling",
          "data‑driven decision making",
          "engagement metrics establishment",
          "performance reporting",
          "risk mitigation planning",
          "social media analytics monitoring",
          "social media strategy development",
          "written content creation"
        ]
      },
      {
        "code": "BSBMKG548",
        "name": "Forecast international market and business needs",
        "skill_count": 15,
        "skills": [
          "complex business data analysis",
          "cross‑cultural market evaluation",
          "Delphi technique facilitation",
          "digital data integration",
          "forecasting technique application",
          "market intelligence preparation",
          "market report writing",
          "organisational capability assessment",
          "recommendation development",
          "scenario planning execution",
          "stakeholder recommendation discussion",
          "strategic planning alignment",
          "systematic decision making",
          "threat opportunity identification",
          "trend and development analysis"
        ]
      },
      {
        "code": "BSBMKG549",
        "name": "Profile and analyse consumer behaviour for international markets",
        "skill_count": 15,
        "skills": [
          "budgetary calculation execution",
          "consumer behaviour research",
          "consumer profiling development",
          "cultural influence assessment",
          "digital data analysis",
          "legislative requirements assessment",
          "marketing plan review",
          "needs and interest analysis",
          "numerical trend interpretation",
          "positioning strategy formulation",
          "self‑management alignment",
          "stakeholder presentation delivery",
          "strategy recommendation formulation",
          "target market identification",
          "targeting strategy selection"
        ]
      },
      {
        "code": "BSBMKG550",
        "name": "Promote products and services to international markets",
        "skill_count": 15,
        "skills": [
          "budget and timeline management",
          "client relationship management",
          "cross‑cultural communication",
          "evaluation of marketing mix",
          "feedback gathering",
          "international market planning",
          "international promotional strategy",
          "marketing data analysis",
          "performance monitoring",
          "problem‑solving analysis",
          "promotional activity coordination",
          "recommendation development",
          "regulatory compliance monitoring",
          "resource allocation planning",
          "stakeholder engagement"
        ]
      },
      {
        "code": "BSBOPS404",
        "name": "Implement customer service strategies",
        "skill_count": 15,
        "skills": [
          "budget resource allocation",
          "complaint resolution execution",
          "customer needs analysis",
          "customer satisfaction monitoring",
          "digital information management",
          "effective oral communication",
          "formal written communication",
          "improvement option development",
          "numerical data interpretation",
          "service delivery diagnosis",
          "service performance reporting",
          "stakeholder consultation facilitation",
          "stakeholder satisfaction review",
          "strategic service planning",
          "team collaboration facilitation"
        ]
      },
      {
        "code": "BSBOPS501",
        "name": "Manage business resources",
        "skill_count": 15,
        "skills": [
          "budget compliance monitoring",
          "compliance review reporting",
          "cost‑benefit evaluation",
          "numerical cost calculation",
          "performance reporting preparation",
          "policy adherence management",
          "procedural development implementation",
          "resource allocation negotiation",
          "resource requirement analysis",
          "resource sharing identification",
          "resource usage monitoring",
          "risk management planning",
          "stakeholder consultation planning",
          "strategic resource planning",
          "team collaboration negotiation"
        ]
      },
      {
        "code": "BSBOPS502",
        "name": "Manage business operational plans",
        "skill_count": 15,
        "skills": [
          "contingency planning design",
          "data security awareness",
          "financial viability assessment",
          "intellectual property compliance",
          "KPI development and tracking",
          "operational plan development",
          "performance monitoring and reporting",
          "policy adherence monitoring",
          "procurement and acquisition management",
          "recruitment and induction oversight",
          "resource requirement analysis",
          "stakeholder consultation facilitation",
          "team communication briefing",
          "underperformance problem solving",
          "variation negotiation and approval"
        ]
      },
      {
        "code": "BSBOPS503",
        "name": "Develop administrative systems",
        "skill_count": 15,
        "skills": [
          "budget interpretation",
          "complex task planning",
          "contingency management",
          "cross‑functional collaboration",
          "enterprise system development",
          "implementation planning",
          "instructional writing",
          "modification management",
          "oral presentation",
          "requirements analysis",
          "security oversight",
          "stakeholder consultation",
          "supplier selection",
          "system monitoring",
          "training delivery"
        ]
      },
      {
        "code": "BSBOPS504",
        "name": "Manage business risk",
        "skill_count": 15,
        "skills": [
          "critical success factor documentation",
          "digital risk documentation",
          "numerical risk analysis",
          "risk communication facilitation",
          "risk context evaluation",
          "risk impact evaluation",
          "risk likelihood assessment",
          "risk management planning",
          "risk monitoring and evaluation",
          "risk prioritisation",
          "risk research analysis",
          "risk treatment planning",
          "risk treatment selection",
          "stakeholder risk identification",
          "strengths‑weaknesses assessment"
        ]
      },
      {
        "code": "BSBOPS505",
        "name": "Manage organisational customer service",
        "skill_count": 15,
        "skills": [
          "colleague support facilitation",
          "complex problem solving",
          "customer feedback acquisition",
          "customer requirements consultation",
          "digital information presentation",
          "feedback integration planning",
          "oral standards articulation",
          "quality product delivery",
          "records management coordination",
          "resource procurement management",
          "service delivery adaptation",
          "service monitoring strategy",
          "team performance monitoring",
          "technical writing communication",
          "textual standards analysis"
        ]
      },
      {
        "code": "BSBOPS601",
        "name": "Develop and implement business plans",
        "skill_count": 15,
        "skills": [
          "competitor assessment",
          "continuous improvement process",
          "financial forecasting",
          "legislative compliance management",
          "market requirements analysis",
          "performance data analysis",
          "performance measurement design",
          "project implementation coordination",
          "report preparation",
          "resource requirement planning",
          "risk identification and reporting",
          "stakeholder communication",
          "strategic business planning",
          "team leadership",
          "under‑performance coaching"
        ]
      },
      {
        "code": "BSBPMG430",
        "name": "Undertake project work",
        "skill_count": 12,
        "skills": [
          "budget development",
          "financial recordkeeping",
          "lessons learned documentation",
          "project documentation management",
          "project performance monitoring",
          "project schedule planning",
          "project scope definition",
          "quality assurance evaluation",
          "risk management planning",
          "stakeholder identification",
          "team consultation",
          "WHS compliance planning"
        ]
      },
      {
        "code": "BSBPMG530",
        "name": "Manage project scope",
        "skill_count": 15,
        "skills": [
          "active listening questioning",
          "benefits outcome definition",
          "change control monitoring",
          "complex text interpretation",
          "cross‑functional team collaboration",
          "negotiation and facilitation",
          "numerical timeline analysis",
          "policy compliance adherence",
          "process improvement recommendation",
          "project authorization management",
          "project documentation development",
          "project scheduling sequencing",
          "scope issue identification",
          "scope management planning",
          "stakeholder scope negotiation"
        ]
      },
      {
        "code": "BSBPRC502",
        "name": "Manage supplier relationships",
        "skill_count": 15,
        "skills": [
          "contract amendment negotiation",
          "contract documentation preparation",
          "contract finalisation execution",
          "dispute cause investigation",
          "financial information interpretation",
          "future supplier recommendation",
          "legal compliance understanding",
          "performance feedback delivery",
          "performance issue resolution",
          "risk management planning",
          "stakeholder amendment communication",
          "supplier dispute negotiation",
          "supplier performance evaluation",
          "supplier performance monitoring",
          "trust relationship building"
        ]
      },
      {
        "code": "BSBPRC505",
        "name": "Manage ethical procurement strategy",
        "skill_count": 15,
        "skills": [
          "contract ethical documentation",
          "contractual delivery coordination",
          "ethical performance indicator implementation",
          "ethical procurement documentation",
          "ethical procurement monitoring",
          "ethical procurement strategy development",
          "ethical risk assessment",
          "ethical supplier reward design",
          "gap analysis reporting",
          "procurement policy research",
          "procurement specification definition",
          "stakeholder strategy endorsement",
          "supplier engagement communication",
          "supplier ethical evaluation",
          "transparent supplier dialogue"
        ]
      },
      {
        "code": "BSBSTR503",
        "name": "Develop organisational policy",
        "skill_count": 15,
        "skills": [
          "analytical framework development",
          "change management planning",
          "compliance assessment",
          "decision facilitation",
          "feedback management",
          "governance alignment",
          "issue identification",
          "policy analysis",
          "policy communication",
          "policy drafting",
          "policy evaluation",
          "quality assurance monitoring",
          "risk management",
          "stakeholder consultation",
          "strategic policy planning"
        ]
      },
      {
        "code": "BSBSTR603",
        "name": "Develop business continuity plans",
        "skill_count": 15,
        "skills": [
          "business impact assessment",
          "continuity framework development",
          "critical function identification",
          "disaster recovery planning",
          "initiative and enterprise",
          "knowledge management coordination",
          "numerical data analysis",
          "oral stakeholder briefing",
          "plan evaluation and improvement",
          "problem solving analysis",
          "risk assessment analysis",
          "risk treatment planning",
          "self‑management autonomy",
          "stakeholder communication management",
          "technical report writing"
        ]
      },
      {
        "code": "BSBSUS511",
        "name": "Develop workplace policies and procedures for sustainability",
        "skill_count": 15,
        "skills": [
          "continuous improvement monitoring",
          "environmental impact analysis",
          "financial cost calculation",
          "initiative and enterprise leadership",
          "lead negotiation facilitation",
          "legislative requirements interpretation",
          "performance outcome evaluation",
          "policy documentation preparation",
          "project planning coordination",
          "resource planning allocation",
          "stakeholder engagement facilitation",
          "sustainability policy development",
          "systematic analytical problem‑solving",
          "team collaboration protocols",
          "trend identification reporting"
        ]
      },
      {
        "code": "BSBSUS601",
        "name": "Lead corporate social responsibility",
        "skill_count": 15,
        "skills": [
          "change management planning",
          "complex reading comprehension",
          "CSR impact evaluation",
          "CSR policy development",
          "financial data interpretation",
          "inclusive teamwork",
          "legislative analysis",
          "negotiation facilitation",
          "performance monitoring",
          "policy integration",
          "problem solving legislation",
          "risk opportunity identification",
          "stakeholder engagement",
          "strategic CSR planning",
          "technical report writing"
        ]
      },
      {
        "code": "BSBTWK401",
        "name": "Build and maintain business relationships",
        "skill_count": 15,
        "skills": [
          "active listening techniques",
          "analytical problem solving",
          "barrier identification analysis",
          "business relationship development",
          "communication channel management",
          "negotiation solution development",
          "networking opportunity identification",
          "planning network activities",
          "professional network participation",
          "rapport building techniques",
          "relationship strategy formulation",
          "stakeholder feedback solicitation",
          "team collaboration facilitation",
          "verbal business communication",
          "written business communication"
        ]
      },
      {
        "code": "BSBTWK503",
        "name": "Manage meetings",
        "skill_count": 15,
        "skills": [
          "agenda development",
          "briefing minute‑taker",
          "chairing meetings",
          "complex text interpretation",
          "documentation distribution",
          "enterprise initiative",
          "facilitating participation",
          "meeting coordination",
          "minutes review",
          "numeracy for timeframes",
          "oral communication",
          "outcome reporting",
          "planning and organising",
          "problem solving in meetings",
          "purposeful writing"
        ]
      },
      {
        "code": "BSBXCM501",
        "name": "Lead communication in the workplace",
        "skill_count": 12,
        "skills": [
          "allocate communication responsibilities",
          "apply negotiation techniques",
          "communicate with disabilities",
          "conflict resolution negotiation",
          "cross‑cultural communication",
          "develop communication protocols",
          "frame organisational messaging",
          "lead workplace communication",
          "mentor communication skills",
          "present persuasive information",
          "resolve communication challenges",
          "risk‑based emergency communication"
        ]
      },
      {
        "code": "SIRXMGT005",
        "name": "Lead the development of business opportunities",
        "skill_count": 15,
        "skills": [
          "budgeting and financial planning",
          "business opportunity identification",
          "business plan development",
          "creative problem solving",
          "feasibility analysis",
          "financial viability analysis",
          "market trend research",
          "marketing rollout coordination",
          "performance monitoring",
          "plan evaluation and revision",
          "project scheduling",
          "resource allocation",
          "risk assessment",
          "stakeholder consultation",
          "strategic communication"
        ]
      },
      {
        "code": "SIRXMKT006",
        "name": "Develop a social media strategy",
        "skill_count": 15,
        "skills": [
          "content strategy design",
          "continuous improvement planning",
          "crisis management planning",
          "emerging trend analysis",
          "engagement tracking",
          "KPI establishment",
          "legal compliance integration",
          "performance data analysis",
          "platform suitability assessment",
          "social media action planning",
          "social media calendar management",
          "social media market research",
          "social media policy development",
          "stakeholder communication",
          "strategy evaluation"
        ]
      },
      {
        "code": "SIRXSLS004",
        "name": "Drive sales results",
        "skill_count": 15,
        "skills": [
          "activity scheduling",
          "customer feedback analysis",
          "digital information retrieval",
          "market trend analysis",
          "numerical sales assessment",
          "oral stakeholder consultation",
          "promotional campaign planning",
          "repeat business development",
          "sales communication delivery",
          "sales performance monitoring",
          "sales plan development",
          "sales strategy review",
          "stakeholder consultation",
          "traffic generator identification",
          "written business communication"
        ]
      }
    ]
  },
  "uni_qualification": {
    "code": "933AA",
    "name": "Diploma of Business",
    "courses": [
      {
        "code": "12046",
        "name": "BGL Internship A",
        "study_level": "Advanced",
        "skill_count": 12,
        "skills": [
          "adaptive complexity management",
          "collaborative team engagement",
          "continuous learning adaptation",
          "creative solution design",
          "critical workplace evaluation",
          "ethical decision making",
          "global professional perspective",
          "professional written communication",
          "reflective practice development",
          "research methodology utilization",
          "theoretical knowledge application",
          "workplace problem analysis"
        ]
      },
      {
        "code": "12047",
        "name": "BGL Internship B",
        "study_level": "Advanced",
        "skill_count": 12,
        "skills": [
          "adaptability to ambiguity",
          "continuous professional learning",
          "creative solution design",
          "critical reflective practice",
          "cultural perspective awareness",
          "ethical decision making",
          "knowledge synthesis reporting",
          "professional integrity maintenance",
          "research methodology utilization",
          "stakeholder communication management",
          "theoretical knowledge application",
          "workplace problem analysis"
        ]
      },
      {
        "code": "12048",
        "name": "BGL Internship C",
        "study_level": "Advanced",
        "skill_count": 13,
        "skills": [
          "complex problem solving",
          "creative thinking",
          "critical evaluation",
          "critical thinking",
          "ethical decision making",
          "global cultural awareness",
          "knowledge synthesis",
          "lifelong learning",
          "professional integrity",
          "reflective practice",
          "self‑awareness development",
          "spreadsheet modeling",
          "theory application"
        ]
      },
      {
        "code": "12049",
        "name": "BGL Internship D",
        "study_level": "Introductory",
        "skill_count": 15,
        "skills": [
          "complex problem analysis",
          "creative solution design",
          "critical workplace evaluation",
          "cultural competency awareness",
          "ethical professional conduct",
          "global citizenship perspective",
          "indigenous knowledge application",
          "interdisciplinary knowledge synthesis",
          "lifelong learning planning",
          "professional integrity demonstration",
          "reflective practice development",
          "self‑awareness development",
          "specialised work application",
          "stakeholder expectation alignment",
          "sustainable practice implementation"
        ]
      },
      {
        "code": "12158",
        "name": "Big Data and Marketing Analytics",
        "study_level": "Intermediate",
        "skill_count": 14,
        "skills": [
          "automated analytics implementation",
          "big data analysis",
          "customer insight development",
          "data visualization design",
          "data‑driven marketing strategy",
          "ethical big data assessment",
          "global perspective thinking",
          "machine learning modeling",
          "marketing decision making",
          "metrics data management",
          "privacy security evaluation",
          "qualitative analysis application",
          "ROI optimization analysis",
          "statistical analysis execution"
        ]
      },
      {
        "code": "11170",
        "name": "Business Communication",
        "study_level": "Advanced",
        "skill_count": 15,
        "skills": [
          "analytical reasoning",
          "business presentation creation",
          "creative communication design",
          "crisis communication management",
          "critical analysis skills",
          "cross‑cultural communication",
          "ethical decision making",
          "global perspective communication",
          "research problem solving",
          "stakeholder interaction handling",
          "style guide compliance",
          "sustainable practice communication",
          "technology adoption evaluation",
          "verbal communication application",
          "written communication application"
        ]
      },
      {
        "code": "11009",
        "name": "Business Decision Making",
        "study_level": "Advanced",
        "skill_count": 15,
        "skills": [
          "adaptive learning mindset",
          "big‑data interpretation",
          "budget development",
          "cost classification application",
          "cost‑benefit analysis",
          "creative problem solving",
          "critical thinking application",
          "cross‑cultural communication",
          "decision‑making under uncertainty",
          "financial data analysis",
          "financial reporting interpretation",
          "information source evaluation",
          "spreadsheet modelling",
          "stakeholder impact assessment",
          "systems thinking approach"
        ]
      },
      {
        "code": "11172",
        "name": "Business Research Methods",
        "study_level": "Advanced",
        "skill_count": 15,
        "skills": [
          "business decision analysis",
          "critical thinking application",
          "cross‑audience communication",
          "ethical research practice",
          "global research perspective",
          "literature review synthesis",
          "qualitative data analysis",
          "quantitative data analysis",
          "research design selection",
          "research ethics evaluation",
          "research methodology design",
          "research proposal development",
          "research report writing",
          "sustainable professional conduct",
          "technology adoption assessment"
        ]
      },
      {
        "code": "11178",
        "name": "Consumer and Buyer Behaviour",
        "study_level": "Intermediate",
        "skill_count": 12,
        "skills": [
          "consumer decision analysis",
          "critical thinking application",
          "cultural impact assessment",
          "entrepreneurial product development",
          "global perspective thinking",
          "marketing strategy development",
          "organisational buying analysis",
          "psychographic segmentation",
          "reflective practice development",
          "research analysis skills",
          "technology integration usage",
          "workload planning management"
        ]
      },
      {
        "code": "11179",
        "name": "Digital Marketing",
        "study_level": "Advanced",
        "skill_count": 15,
        "skills": [
          "AI driven analytics",
          "collaborative campaign planning",
          "content creation design",
          "cross‑cultural communication",
          "cultural competency application",
          "data‑driven decision making",
          "digital marketing strategy",
          "digital marketing tool utilization",
          "emerging trend adaptation",
          "ethical marketing evaluation",
          "indigenous knowledge integration",
          "online consumer analysis",
          "online presence optimisation",
          "stakeholder engagement management",
          "technology adoption learning"
        ]
      },
      {
        "code": "12053",
        "name": "Integrated Marketing Communication",
        "study_level": "Advanced",
        "skill_count": 15,
        "skills": [
          "audience segmentation analysis",
          "brand messaging design",
          "collaborative campaign development",
          "creative problem solving",
          "critical thinking analysis",
          "cross‑cultural communication",
          "digital marketing tool utilization",
          "integrated marketing planning",
          "marketing communication analysis",
          "media channel selection",
          "promotion program development",
          "reflective practice",
          "research methodology application",
          "self‑directed learning",
          "strategic IMC evaluation"
        ]
      },
      {
        "code": "12206",
        "name": "International Business Study Tour",
        "study_level": "Advanced",
        "skill_count": 15,
        "skills": [
          "collaborative team negotiation",
          "conflict resolution facilitation",
          "creative problem solving",
          "critical thinking application",
          "cross-cultural business analysis",
          "cultural practice critique",
          "ethical sustainability appraisal",
          "global adaptability",
          "global issue awareness",
          "international leadership evaluation",
          "knowledge integration",
          "professional communication",
          "reflective practice development",
          "resourceful decision making",
          "strategic trade assessment"
        ]
      },
      {
        "code": "9628",
        "name": "International Business Study Tour",
        "study_level": "Advanced",
        "skill_count": 15,
        "skills": [
          "adaptability to ambiguity",
          "conflict resolution negotiation",
          "critical thinking analysis",
          "cross‑cultural teamwork",
          "cultural context analysis",
          "entrepreneurial creativity",
          "entrepreneurial initiative",
          "financial analysis evaluation",
          "global citizenship communication",
          "international trade application",
          "leadership in teams",
          "market investigation research",
          "oral communication presentation",
          "self‑directed learning",
          "written communication reporting"
        ]
      },
      {
        "code": "11182",
        "name": "International Marketing",
        "study_level": "Advanced",
        "skill_count": 15,
        "skills": [
          "competitive advantage assessment",
          "critical thinking in marketing",
          "cross‑cultural marketing strategy",
          "cross‑cultural stakeholder communication",
          "cultural adaptation analysis",
          "distribution channel design",
          "entrepreneurial venture evaluation",
          "global product planning",
          "international advertising planning",
          "international market analysis",
          "international marketing plan development",
          "marketing information systems management",
          "marketing research design",
          "multi‑country data analysis",
          "pricing strategy development"
        ]
      },
      {
        "code": "11175",
        "name": "Introduction to Economics",
        "study_level": "Introductory",
        "skill_count": 12,
        "skills": [
          "cross‑cultural communication",
          "demand supply analysis",
          "economic model application",
          "economic reasoning development",
          "economic research communication",
          "government intervention analysis",
          "macroeconomic aggregate description",
          "market equilibrium evaluation",
          "market failure identification",
          "policy impact assessment",
          "policy recommendation formulation",
          "production decision analysis"
        ]
      },
      {
        "code": "11174",
        "name": "Introduction to Management",
        "study_level": "Introductory",
        "skill_count": 12,
        "skills": [
          "advantages‑disadvantages evaluation",
          "business decision making",
          "career reflection planning",
          "cross‑cultural issue analysis",
          "global perspective integration",
          "leadership facilitation",
          "management factor analysis",
          "management theory application",
          "operational planning",
          "oral management communication",
          "strategic decision making",
          "written management communication"
        ]
      },
      {
        "code": "11235",
        "name": "Introduction to Politics and Government",
        "study_level": "Introductory",
        "skill_count": 15,
        "skills": [
          "adaptability to complexity",
          "argument construction",
          "collaborative problem solving",
          "constitutional interpretation",
          "critical thinking",
          "ethical reasoning",
          "global perspective analysis",
          "indigenous politics understanding",
          "media analysis",
          "persuasive oral communication",
          "persuasive written communication",
          "policy evaluation",
          "political theory analysis",
          "reflective practice",
          "research skills"
        ]
      },
      {
        "code": "11257",
        "name": "Law and Society",
        "study_level": "Advanced",
        "skill_count": 12,
        "skills": [
          "critical legal thinking",
          "discrimination analysis",
          "ethical reasoning assessment",
          "indigenous knowledge integration",
          "interdisciplinary legal communication",
          "legal system analysis",
          "philosophical legal interpretation",
          "policy reform evaluation",
          "professional legal writing",
          "research methodology application",
          "societal impact assessment",
          "technology evaluation adoption"
        ]
      },
      {
        "code": "11176",
        "name": "Marketing Fundamentals",
        "study_level": "Introductory",
        "skill_count": 15,
        "skills": [
          "conflict resolution facilitation",
          "creative technology utilization",
          "customer value creation",
          "domestic market analysis",
          "ethical professional conduct",
          "ethical sustainability evaluation",
          "Indigenous cultural engagement",
          "international market analysis",
          "marketing plan development",
          "marketing strategy design",
          "professional written communication",
          "stakeholder impact assessment",
          "strategic marketing analysis",
          "supply chain assessment",
          "team negotiation"
        ]
      },
      {
        "code": "11319",
        "name": "Negotiation",
        "study_level": "Advanced",
        "skill_count": 15,
        "skills": [
          "conflict resolution planning",
          "creative problem solving",
          "critical thinking application",
          "cross‑cultural communication",
          "cultural analysis negotiation",
          "ethical decision making",
          "lifelong learning adaptation",
          "negotiation research analysis",
          "negotiation strategy development",
          "negotiation theory application",
          "power dynamics assessment",
          "professional standards adherence",
          "reflective practice development",
          "role‑play facilitation",
          "stakeholder engagement negotiation"
        ]
      },
      {
        "code": "11169",
        "name": "Organisational Communications, Culture and Change",
        "study_level": "Advanced",
        "skill_count": 12,
        "skills": [
          "business communication planning",
          "communication strategy adaptation",
          "conflict opportunity analysis",
          "conflict resolution facilitation",
          "cultural communication strategy selection",
          "intercultural communication effectiveness",
          "multimodal professional communication",
          "negotiation facilitation",
          "project plan development",
          "reflective project evaluation",
          "self‑directed initiative",
          "workload organization management"
        ]
      },
      {
        "code": "11173",
        "name": "Professional Evidence",
        "study_level": "Advanced",
        "skill_count": 15,
        "skills": [
          "business knowledge application",
          "career readiness assessment",
          "critical reflection practice",
          "ethical integrity demonstration",
          "global citizenship awareness",
          "impact analysis evaluation",
          "interdisciplinary knowledge integration",
          "lifelong learning planning",
          "professional communication",
          "professional identity development",
          "reflective practice documentation",
          "research methodology application",
          "solution synthesis",
          "stakeholder impact assessment",
          "technology‑enabled creativity"
        ]
      },
      {
        "code": "12209",
        "name": "Professional Orientation",
        "study_level": "Introductory",
        "skill_count": 15,
        "skills": [
          "academic trajectory mapping",
          "career planning articulation",
          "cross‑disciplinary opportunity exploration",
          "cultural perspective analysis",
          "future of work problem solving",
          "global citizenship understanding",
          "Indigenous knowledge integration",
          "initiative workload management",
          "lifelong learning adaptation",
          "multidisciplinary business application",
          "personal skill self‑assessment",
          "professional development planning",
          "professional identity articulation",
          "reflective practice development",
          "values‑influenced skill development"
        ]
      },
      {
        "code": "11011",
        "name": "Professional Orientation",
        "study_level": "Introductory",
        "skill_count": 15,
        "skills": [
          "academic trajectory mapping",
          "adaptability to ambiguity",
          "career planning strategy",
          "continuous professional development",
          "creative problem solving",
          "critical thinking analysis",
          "effective cross-cultural communication",
          "global citizenship awareness",
          "global issue perspective",
          "multidisciplinary business analysis",
          "professional identity articulation",
          "reflective learning practice",
          "reflective practice development",
          "research methodology execution",
          "up-to-date knowledge application"
        ]
      },
      {
        "code": "12205",
        "name": "Quantitative Methods",
        "study_level": "Advanced",
        "skill_count": 15,
        "skills": [
          "business data visualization",
          "business problem solving",
          "continuous learning mindset",
          "decision support analysis",
          "index number calculation",
          "information systems awareness",
          "linear programming optimization",
          "probability concepts interpretation",
          "quantitative data analysis",
          "regression modelling",
          "sample design selection",
          "spreadsheet modelling",
          "statistical forecasting application",
          "team collaboration",
          "technical communication"
        ]
      },
      {
        "code": "9531",
        "name": "Small Business Management",
        "study_level": "Introductory",
        "skill_count": 15,
        "skills": [
          "adaptability to change",
          "best practice synthesis",
          "business resilience building",
          "business strategy development",
          "critical thinking analysis",
          "cross‑cultural stakeholder engagement",
          "entrepreneurial idea generation",
          "ethical Indigenous engagement",
          "experiential learning facilitation",
          "global business perspective",
          "innovation incubation",
          "professional business communication",
          "research and data synthesis",
          "small business case analysis",
          "technology evaluation adoption"
        ]
      },
      {
        "code": "11379",
        "name": "Social Enterprise",
        "study_level": "Introductory",
        "skill_count": 15,
        "skills": [
          "barrier analysis",
          "community project design",
          "critical thinking application",
          "cross‑cultural stakeholder engagement",
          "cultural competence development",
          "entrepreneurial creativity",
          "ethical entrepreneurship evaluation",
          "future business trends analysis",
          "global citizenship communication",
          "indigenous entrepreneurship investigation",
          "leadership influence assessment",
          "opportunistic mindset development",
          "social enterprise strategy",
          "socially just practice",
          "technology adoption evaluation"
        ]
      },
      {
        "code": "12157",
        "name": "Social Marketing - Marketing for Good",
        "study_level": "Advanced",
        "skill_count": 13,
        "skills": [
          "branding strategy development",
          "collaborative team work",
          "conflict negotiation",
          "customer value proposition",
          "design‑thinking ideation",
          "ethical issue evaluation",
          "market segmentation planning",
          "policy stakeholder engagement",
          "problem‑based learning",
          "prototype development",
          "service design analysis",
          "social marketing theory",
          "sustainable practice advocacy"
        ]
      },
      {
        "code": "11183",
        "name": "Strategic Marketing Management",
        "study_level": "Advanced",
        "skill_count": 15,
        "skills": [
          "complexity adaptation skills",
          "creative problem solving",
          "critical marketing evaluation",
          "cross‑cultural communication",
          "digital marketing integration",
          "global citizenship awareness",
          "global market assessment",
          "innovation decision making",
          "market opportunity analysis",
          "marketing portfolio development",
          "professional written communication",
          "stakeholder value creation",
          "strategic marketing planning",
          "strategic thinking application",
          "technology adoption evaluation"
        ]
      }
    ]
  },
  "comparison": {
    "vet_total_skills": 498,
    "uni_total_skills": 409,
    "vet_unique_skills": 460,
    "uni_unique_skills": 338,
    "common_skills": [
      "budget development",
      "complex problem solving",
      "conflict resolution negotiation",
      "creative problem solving",
      "cross‑cultural communication",
      "data‑driven decision making",
      "financial data analysis",
      "negotiation facilitation",
      "persuasive oral communication",
      "policy evaluation",
      "stakeholder communication management",
      "strategic decision making"
    ],
    "vet_statistics": {
      "total_count": 498,
      "unique_count": 460,
      "average_confidence": 0.8841566265060241,
      "by_category": {
        "technical": 495,
        "cognitive": 3
      },
      "by_level": {
        "ASSIST": 48,
        "APPLY": 96,
        "ENSURE_ADVISE": 351,
        "INITIATE_INFLUENCE": 3
      },
      "by_context": {
        "theoretical": 1,
        "practical": 497
      },
      "top_keywords": [
        "stakeholder engagement",
        "risk assessment",
        "performance metrics",
        "regulatory compliance",
        "resource allocation",
        "continuous improvement",
        "risk management",
        "change management",
        "stakeholder communication",
        "governance"
      ]
    },
    "uni_statistics": {
      "total_count": 409,
      "unique_count": 338,
      "average_confidence": 0.8612958435207824,
      "by_category": {
        "technical": 351,
        "cognitive": 58
      },
      "by_level": {
        "ASSIST": 82,
        "APPLY": 71,
        "ENABLE": 2,
        "ENSURE_ADVISE": 253,
        "INITIATE_INFLUENCE": 1
      },
      "by_context": {
        "theoretical": 54,
        "practical": 355
      },
      "top_keywords": [
        "problem solving",
        "design thinking",
        "professional development",
        "critical thinking",
        "intercultural communication",
        "research methodology",
        "continuous improvement",
        "reflective practice",
        "stakeholder analysis",
        "change management"
      ]
    }
  }
}